Model,Accuracy,Precision,Recall,F1-score
cnn_model_best.h5,0.9601505994796753,0.9569997754202427,0.9601506118606841,0.9583297635211161
cnn_model_final.h5,0.9491685032844543,0.9485413704834978,0.9491684970191403,0.9479881859060079
InceptionV3_best.h5,0.9849388003349304,0.9851001583783858,0.9849388139315971,0.984776373054196
MobileNet_best.h5,0.9965484738349915,0.9965006086142597,0.9965484781926577,0.9964969233387168
ResNet50_best.h5,0.4097897708415985,0.44905376240818473,0.4097897709444619,0.3750408354466369
VGG16_best.h5,0.8936303853988647,0.8913552760834893,0.8936303733919047,0.8911773330641894
